Title,Price
"Too Good to Be True : A smart, funny will-they-won’t-they romance",₹286.00
"Oswaal CBSE 25 Combined Sample Question papers Class 10 Books Science, Mathematics Standard, Social Science, English Language and Literature, Hindi-A (For 2025 Exam)",₹450.00
The Psychology of Money,₹279.00
Dopamine Detox : A Short Guide to Remove Distractions and Get Your Brain to Do Hard Things,₹191.00
Amma Diarylo Konni Pageelu,₹220.00
My First Library: Boxset of 10 Board Books for Kids,₹399.00
White Nights,₹124.00
Static G.K By Ankit Bhati And Naveen Sir In Hindi Latest 2025,₹169.00
Atomic Habits,₹577.00
"Educart CBSE Class 10 Most Likely Sets of Sample Papers - Science, Maths Standard, Social Science & English (with Answer Writing Sheets 2024-25)",₹549.00
Technical Analysis Made Easy: A Beginner to Advanced Guide to Price Action Trading,₹299.00
Animals Tales From Panchtantra: Timeless Stories for Children From Ancient India,₹199.00
Don't Believe Everything You Think (English),₹185.00
Ikigai: Japanese secret to long and happy life,₹388.00
Educart CBSE Class 10 Final Revision Book 2025 - Maths + Science + Social Science + English (2024-25),₹639.00
The Mountain Is You: Transforming Self-Sabotage Into Self-Mastery (English),₹261.00
Oswaal CBSE Sample Question Papers Class 10 Science Book (For 2025 Exam),₹322.00
Rich Dad Poor Dad: What the Rich Teach Their Kids About Money That the Poor and Middle Class Do Not!,₹393.00
"PW NTA NEET Rankers Test Series 2025 Verified & Curated by Expert Faculties | 10 Full Syllabus + 4 Part Syllabus (Class 11 & 12) | OMR Sheet, Solution Booklet with NCERT References",₹599.00
World’s Greatest Books For Personal Growth & Wealth (Set of 4 Books) : Perfect Motivational Gift Set,₹349.00
"1'o Clock Revision book for Science, Maths and Social Science for Class 10th CBSE 2025 (Set of 2) | AI Images | Flowcharts | Tables | Diagrams | Maps and much more, Revise Instantly",₹499.00
The Power of Your Subconscious Mind: Original Edition | Premium Paperback,₹149.00
Oswaal CBSE Sample Question Papers Class 10 Mathematics Standard Book (For 2025 Exam),₹342.00
The Power of Your Subconscious Mind: Original Classic Edition | Premium Paperback,₹149.00
Bhagvad Gita As It Is English New Edition,₹295.00
My First Book of Patterns Pencil Control: Patterns Practice book for kids (Pattern Writing),₹129.00
"Moral Story Books for Kids (Illustrated) - English Short Stories with Colourful Pictures - Bedtime Children Story Book - 3 Years to 6 Years Old Children - Read Aloud to Infants, Toddlers (Set of 10 Books)",₹228.00
1001 Ultimate Brain Booster Activities for 4+ Years Old Kids |Enhance the Child Mind with Cognitive Excellence with Interactive Activity Book,₹310.00
Shrimad Bhagwat Geeta Yatharoop (Hindi),₹258.00
"Educart CBSE Sample Paper Class 10 2024-25 - Science, Mathematics (Standard), Social Science & English Combo Set of 4 Books (with exclusive CBSE Mock Booklets) for 2025 Exam","₹1,445.00"
The Satvic Revolution: 7 Life-Changing Habits to Discover Peak Health and Joy,₹310.00
Educart CBSE Science Class 10 Sample Papers 2024-25 (With exclusive CBSE Mock Booklets for 2025 Exam),₹359.00
Indian Polity for UPSC (English) by M Laxmikanth | 7th Edition (Latest) | Civil Services Exam- Prelims and Mains 2025 | State PSCs civil services exams/PCS exams,₹730.00
"Story Books for Kids - Second Reader (Illustrated) (Set of 6 Books) - Phonic stories - Bedtime Stories - 3 Years to 6 Years Old - Read Aloud to Infants, Toddlers",₹150.00
"My First Mythology Tale (Illustrated) (Set of 5 Books) - Mahabharata, Krishna, Hanuman, Ganesha, Ramayana - Story Books for Kids - English Short Stories - Read Aloud to Infants, Toddlers",₹182.00
"The Art of Being Alone: Loneliness Was My Cage, Solitude Is My Home (English)",₹200.00
Oswaal CBSE Sample Question Papers Class 10 Social Science Book (For 2025 Exam),₹320.00
Lucent's General Knowledge 2024 || The Original Book with Hologram || 14th Edition || English Version,₹245.00
"PW Physics Med Easy 2.0 Notes | Notes, Formulas, Mnemonics, Tips & Tricks for NEET/JEE & Board Exams | Dr. Manish Raj (MR Sir) Physics Handwritten Notes",₹398.00
Rupesh Thakur Prasad Panchang 2025 /Thakur Prasad Medium Colorful Hindi Panchang Calendar 2025,₹90.00
Coloring Books Box Set: Pack of 12 Copy Color Books For Children,₹369.00
Magic of the Lost Temple (Over 2 Lakh Copies sold),₹195.00
Norwegian Wood: Million copy bestseller by Japanese author Haruki Murakami,₹359.00
"Courage To Be Disliked, The: How to free yourself, change your life and achieve real happiness",₹386.00
"The Palace of Illusions: 10th Anniversary Edition [Paperback] Banerjee Divakaruni, Chitra",₹319.00
"THE 48 LAWS OF POWER [Paperback] Greene, Robert",₹599.00
Autobiography of a Yogi (Complete Original Edition),₹159.00
"The Vegetarian by Han Kang, Winner of the 2024 Nobel Prize in Literature",₹336.00
The Alchemist,₹259.00
"Writing Practice Boxset: Pack of 4 Books (Writing Fun: Write And Practice Capital Letters, Small Letters, Patterns and Numbers 1 to 10)",₹199.00
The Almanack Of Naval Ravikant: A Guide to Wealth and Happiness,₹256.00
The 5 AM Club – Own Your Morning. Elevate Your Life – Paperback – 19 December 2018,₹274.00
Attitude is Everything change your attitude change your life!,₹146.00
BlackBook of English Vocabulary May 2024 by Nikhil Gupta,₹329.00
Paisala Muchatlu Money Mantradandam (పైసల ముచ్చట్లు) By Ramprasad,₹349.00
Educart CBSE Social Science Class 10 Sample Papers 2024-25 (With exclusive CBSE Mock Booklets for 2025 Exam),₹359.00
"Little Colouring Books for Kids (Set of 10 Books) - Gift to children for painting, drawing and coloring - Alphabets, Animals, Birds, Flags, Flowers, ... Transport, Vegetables - 3 to 6 years old",₹195.00
Metamorphosis,₹109.00
"PW CBSE | Class 10 | 15 New Pattern Sample Paper Science, Maths (Std), English & Social Science Combo Set of 4 Books for 2025 Board Exam | 50% Competency Based Questions",₹932.00
PW 20 SBI Clerk Prelims & Mains Previous Year Solved Papers (2023-2012) with 5 Online Mock Tests For 2024-25 Exam | Yearwise PYQs | Fully Solved | English Edition,₹282.00
Ghar Ke Vaaste - घर के वास्ते By Swayam Srivastava,₹186.00
"Autobiography of a Yogi [Original Edition (Complete), Premium Paperback]",₹158.00
PW CBSE | Class 10 | 15 New Pattern Sample Question Papers Science For 2025 Board Exam with 50 Percent Competency Based Questions 100 Most Probable Questions,₹209.00
The Golden Road : How Ancient India Transformed the World,₹676.00
Oswaal CBSE Sample Question Papers Class 10 English Language & Literature Book (For 2025 Exam),₹289.80
Days at the Morisaki Bookshop : The International Bestseller for lovers of Before the Coffee Gets Cold: A charming and uplifting story on the healing power of books,₹264.00
Meditations,₹139.00
Oswaal CBSE Sample Question Papers Class 10 Mathematics Basic Book (For 2025 Exam),₹296.00
The Psychology of Money (Tamil),₹239.00
"Kalnirnay Marathi Calendar 2025 || Monthly Hindu panchang, with tithi, nakshatra, and muhurat",₹120.00
Grandma's Bag of Stories (R/J),₹198.00
"Deep Work: Rules for Focused Success in a Distracted World [Paperback] Newport, Cal",₹268.00
Word Power Made Easy By Norman Lewis (More than 700 Pages),₹153.00
"THE SILENT PATIENT [Paperback] Michaelides, Alex",₹265.00
Manorama Yearbook 2025 ( English Edition ),₹315.00
"Tuesdays With Morrie: An old man, a young man, and life's greatest lesson [Paperback] Albom, Mitch",₹213.00
30 Topic-wise UPSC Civil Services IAS Prelims Previous Year Solved Papers 1 & 2 (1995 - 2024) 15th Edition | General Studies & Aptitude (CSAT) PYQs Question Bank,₹529.00
I Don't Love You Anymore: Moving On and Living Your Best Life | National Bestseller by Rithvik Singh | Original Edition,₹204.00
101 Pencil Control Activity Book For Kids: Tracing Practise Book Age 2+,₹179.00
1001 Jumbo Brain Booster Activities for 5 to 8 Years Old Kids|Enhance the Child Mind with Cognitive Excellence with Interactive Activity Book,₹310.00
Mandala Art: Colouring books for Adults with tear out sheets,₹199.00
Thirteen Months In The Himalayas : Chronicles of a Monk's Sadhana,₹333.00
"Brain Activity Book for Kids - 200+ Activities for Age 3+ - Kids Activity Book - Early Learning - Activities for Children - Maths, English, Mazes, Spot the Differences, Word Search - Activity Book for 5 Year Old",₹119.00
DON'T SWEAT THE SMALL STUFF (A FORMAT),₹318.91
THE LION INSIDE,₹279.00
Own Your Body,₹322.00
"Oswaal CBSE 25 Combined Sample Question Papers Class 12 Science Books Physics, Chemistry, Biology, Mathematics, English Core (For 2025 Exam)",₹409.00
All In One Social Science CBSE Class 10th Based On Latest NCERT For CBSE Exams 2025 | Mind map in each chapter | Clear & Concise Theory | Intext & Chapter Exercises | Sample Question Papers,₹380.00
"PW Chemistry Med Easy | Notes, Formulas, Tips & Tricks for NEET/JEE & Board Exams | Pankaj Sir Chemistry Handwritten Notes",₹375.00
"Fountainhead, The",₹380.00
"Gurukul by Oswal ICSE 10 Years Solved Papers Class 10 Exam 2025 - Year-Wise 2014-2024, Physics, Chemistry, Maths, Biology, History & Civics, Geography, Hindi, Eng I & II, Economics, Computers, HS, ES",₹849.00
Jaun Elia: Ek Ajab Ghazab Shayar - Hindi,₹199.00
Arihant i Succeed 15 Sample Question Papers for Science Class 10th | As per latest CBSE Sample Paper issued on 5 Sept. 2024 | 50% CBQs in each paper | Detailed Answers with Step Marking | Fully Solved Latest CBSE Sample Paper For Exam 2025,₹145.00
"Arihant General Knowledge 2025 with Current Affairs Update For All Competitive Exams | UPSC, State PSC, SSC, Bank, Railways RRB, Defence NDA/CDS, CUET , Teaching, State Govt & other",₹178.00
Bhagavad Gita [Deluxe Hardbound Edition] Sacred Text for Self-Realization and Spiritual Enlightenment | Discover Ancient Wisdom | Timeless Religious Teachings | Book on India’s Vedic Wisdom,₹233.00
Educart Abhyaas 20 NEET UG Mock Papers 2025 - Full Syllabus & Unitwise (Introducing Ch-wise NEET Theory Maps Book),"₹1,182.00"
Think and Grow Rich: THE 21st CENTURY EDITION,₹139.00
"Gurukul By Oswal 10 Years Solved Papers for CBSE Class 10 Exam 2025 - Yearwise Board Solutions of Maths Standard, English, Science & Social Science (All Sets Delhi & Outside), Latest Syllabus",₹798.00
Aapke Avchetan Mann Ki Shakti (The Power Of Your Subconscious Mind In Hindi),₹149.00
"Oswaal CBSE Sample Question Papers Class 10 English, Science, Social Science & Maths Standard (Set of 4 Books) (For Board Exams 2025)","₹1,359.00"
